user_id,persona
u00001,western
u00002,western
u00003,sneakerhead
u00004,ethnic
u00005,western
u00006,ethnic
u00007,accessories
u00008,ethnic
u00009,western
u00010,ethnic
u00011,sneakerhead
u00012,accessories
u00013,accessories
u00014,formal
u00015,formal
u00016,ethnic
u00017,sneakerhead
u00018,sneakerhead
u00019,sneakerhead
u00020,formal
u00021,formal
u00022,ethnic
u00023,western
u00024,ethnic
u00025,ethnic
u00026,sneakerhead
u00027,sneakerhead
u00028,western
u00029,western
u00030,formal
u00031,ethnic
u00032,ethnic
u00033,western
u00034,western
u00035,sneakerhead
u00036,sneakerhead
u00037,sneakerhead
u00038,sneakerhead
u00039,accessories
u00040,accessories
u00041,ethnic
u00042,formal
u00043,sneakerhead
u00044,ethnic
u00045,accessories
u00046,sneakerhead
u00047,western
u00048,sneakerhead
u00049,sneakerhead
u00050,formal
u00051,accessories
u00052,sneakerhead
u00053,sneakerhead
u00054,western
u00055,sneakerhead
u00056,sneakerhead
u00057,formal
u00058,sneakerhead
u00059,western
u00060,western
u00061,sneakerhead
u00062,ethnic
u00063,western
u00064,ethnic
u00065,sneakerhead
u00066,sneakerhead
u00067,sneakerhead
u00068,western
u00069,ethnic
u00070,ethnic
u00071,sneakerhead
u00072,accessories
u00073,accessories
u00074,ethnic
u00075,sneakerhead
u00076,ethnic
u00077,western
u00078,accessories
u00079,sneakerhead
u00080,ethnic
u00081,accessories
u00082,sneakerhead
u00083,sneakerhead
u00084,ethnic
u00085,sneakerhead
u00086,ethnic
u00087,sneakerhead
u00088,sneakerhead
u00089,ethnic
u00090,formal
u00091,western
u00092,sneakerhead
u00093,sneakerhead
u00094,sneakerhead
u00095,sneakerhead
u00096,sneakerhead
u00097,ethnic
u00098,formal
u00099,western
u00100,sneakerhead
u00101,western
u00102,ethnic
u00103,accessories
u00104,ethnic
u00105,western
u00106,ethnic
u00107,formal
u00108,formal
u00109,western
u00110,ethnic
u00111,formal
u00112,accessories
u00113,sneakerhead
u00114,formal
u00115,sneakerhead
u00116,sneakerhead
u00117,western
u00118,western
u00119,accessories
u00120,ethnic
u00121,ethnic
u00122,western
u00123,ethnic
u00124,formal
u00125,ethnic
u00126,formal
u00127,western
u00128,western
u00129,ethnic
u00130,accessories
u00131,sneakerhead
u00132,ethnic
u00133,sneakerhead
u00134,accessories
u00135,ethnic
u00136,accessories
u00137,western
u00138,formal
u00139,accessories
u00140,sneakerhead
u00141,formal
u00142,ethnic
u00143,sneakerhead
u00144,western
u00145,sneakerhead
u00146,sneakerhead
u00147,ethnic
u00148,western
u00149,sneakerhead
u00150,ethnic
u00151,accessories
u00152,ethnic
u00153,formal
u00154,western
u00155,ethnic
u00156,sneakerhead
u00157,ethnic
u00158,western
u00159,formal
u00160,western
u00161,formal
u00162,sneakerhead
u00163,accessories
u00164,sneakerhead
u00165,western
u00166,accessories
u00167,formal
u00168,accessories
u00169,western
u00170,western
u00171,western
u00172,sneakerhead
u00173,western
u00174,western
u00175,formal
u00176,accessories
u00177,accessories
u00178,sneakerhead
u00179,accessories
u00180,accessories
u00181,formal
u00182,accessories
u00183,western
u00184,sneakerhead
u00185,formal
u00186,ethnic
u00187,formal
u00188,formal
u00189,ethnic
u00190,accessories
u00191,western
u00192,ethnic
u00193,western
u00194,formal
u00195,western
u00196,western
u00197,sneakerhead
u00198,sneakerhead
u00199,ethnic
u00200,western
u00201,western
u00202,accessories
u00203,formal
u00204,sneakerhead
u00205,western
u00206,sneakerhead
u00207,accessories
u00208,sneakerhead
u00209,western
u00210,ethnic
u00211,ethnic
u00212,western
u00213,accessories
u00214,sneakerhead
u00215,accessories
u00216,ethnic
u00217,ethnic
u00218,sneakerhead
u00219,western
u00220,formal
u00221,western
u00222,ethnic
u00223,western
u00224,ethnic
u00225,western
u00226,accessories
u00227,western
u00228,ethnic
u00229,ethnic
u00230,formal
u00231,formal
u00232,sneakerhead
u00233,western
u00234,sneakerhead
u00235,accessories
u00236,sneakerhead
u00237,western
u00238,ethnic
u00239,western
u00240,ethnic
u00241,sneakerhead
u00242,western
u00243,sneakerhead
u00244,sneakerhead
u00245,ethnic
u00246,sneakerhead
u00247,accessories
u00248,ethnic
u00249,accessories
u00250,ethnic
u00251,western
u00252,western
u00253,western
u00254,sneakerhead
u00255,sneakerhead
u00256,ethnic
u00257,western
u00258,formal
u00259,ethnic
u00260,ethnic
u00261,ethnic
u00262,accessories
u00263,ethnic
u00264,western
u00265,sneakerhead
u00266,ethnic
u00267,formal
u00268,ethnic
u00269,western
u00270,western
u00271,sneakerhead
u00272,western
u00273,western
u00274,ethnic
u00275,ethnic
u00276,accessories
u00277,accessories
u00278,sneakerhead
u00279,accessories
u00280,accessories
u00281,accessories
u00282,ethnic
u00283,sneakerhead
u00284,sneakerhead
u00285,western
u00286,ethnic
u00287,western
u00288,ethnic
u00289,accessories
u00290,ethnic
u00291,accessories
u00292,ethnic
u00293,sneakerhead
u00294,western
u00295,ethnic
u00296,western
u00297,accessories
u00298,sneakerhead
u00299,western
u00300,formal
u00301,ethnic
u00302,sneakerhead
u00303,accessories
u00304,western
u00305,western
u00306,ethnic
u00307,ethnic
u00308,accessories
u00309,ethnic
u00310,ethnic
u00311,ethnic
u00312,accessories
u00313,ethnic
u00314,western
u00315,formal
u00316,formal
u00317,ethnic
u00318,ethnic
u00319,sneakerhead
u00320,ethnic
u00321,western
u00322,accessories
u00323,accessories
u00324,formal
u00325,sneakerhead
u00326,formal
u00327,accessories
u00328,western
u00329,sneakerhead
u00330,sneakerhead
u00331,formal
u00332,ethnic
u00333,sneakerhead
u00334,formal
u00335,sneakerhead
u00336,ethnic
u00337,ethnic
u00338,sneakerhead
u00339,ethnic
u00340,sneakerhead
u00341,formal
u00342,sneakerhead
u00343,sneakerhead
u00344,sneakerhead
u00345,western
u00346,sneakerhead
u00347,ethnic
u00348,formal
u00349,accessories
u00350,sneakerhead
u00351,formal
u00352,ethnic
u00353,ethnic
u00354,sneakerhead
u00355,western
u00356,accessories
u00357,sneakerhead
u00358,accessories
u00359,formal
u00360,ethnic
u00361,formal
u00362,sneakerhead
u00363,formal
u00364,sneakerhead
u00365,ethnic
u00366,western
u00367,accessories
u00368,western
u00369,western
u00370,western
u00371,western
u00372,formal
u00373,formal
u00374,sneakerhead
u00375,ethnic
u00376,sneakerhead
u00377,western
u00378,western
u00379,formal
u00380,ethnic
u00381,accessories
u00382,accessories
u00383,western
u00384,accessories
u00385,formal
u00386,ethnic
u00387,accessories
u00388,accessories
u00389,western
u00390,ethnic
u00391,formal
u00392,western
u00393,ethnic
u00394,accessories
u00395,sneakerhead
u00396,formal
u00397,western
u00398,accessories
u00399,accessories
u00400,ethnic
u00401,western
u00402,formal
u00403,ethnic
u00404,ethnic
u00405,accessories
u00406,formal
u00407,formal
u00408,ethnic
u00409,western
u00410,ethnic
u00411,western
u00412,sneakerhead
u00413,sneakerhead
u00414,western
u00415,accessories
u00416,sneakerhead
u00417,accessories
u00418,sneakerhead
u00419,sneakerhead
u00420,sneakerhead
u00421,ethnic
u00422,western
u00423,western
u00424,accessories
u00425,sneakerhead
u00426,sneakerhead
u00427,western
u00428,formal
u00429,accessories
u00430,sneakerhead
u00431,ethnic
u00432,ethnic
u00433,sneakerhead
u00434,ethnic
u00435,ethnic
u00436,western
u00437,western
u00438,ethnic
u00439,formal
u00440,western
u00441,ethnic
u00442,ethnic
u00443,western
u00444,western
u00445,ethnic
u00446,western
u00447,formal
u00448,sneakerhead
u00449,accessories
u00450,western
u00451,accessories
u00452,ethnic
u00453,accessories
u00454,formal
u00455,formal
u00456,ethnic
u00457,ethnic
u00458,formal
u00459,sneakerhead
u00460,formal
u00461,accessories
u00462,formal
u00463,accessories
u00464,ethnic
u00465,accessories
u00466,sneakerhead
u00467,sneakerhead
u00468,formal
u00469,formal
u00470,formal
u00471,sneakerhead
u00472,sneakerhead
u00473,formal
u00474,sneakerhead
u00475,western
u00476,accessories
u00477,western
u00478,western
u00479,western
u00480,sneakerhead
u00481,formal
u00482,accessories
u00483,western
u00484,ethnic
u00485,ethnic
u00486,sneakerhead
u00487,western
u00488,ethnic
u00489,western
u00490,formal
u00491,ethnic
u00492,formal
u00493,western
u00494,sneakerhead
u00495,sneakerhead
u00496,ethnic
u00497,ethnic
u00498,ethnic
u00499,accessories
u00500,western
u00501,ethnic
u00502,sneakerhead
u00503,sneakerhead
u00504,western
u00505,sneakerhead
u00506,sneakerhead
u00507,sneakerhead
u00508,formal
u00509,accessories
u00510,formal
u00511,ethnic
u00512,western
u00513,sneakerhead
u00514,sneakerhead
u00515,sneakerhead
u00516,accessories
u00517,formal
u00518,accessories
u00519,western
u00520,sneakerhead
u00521,ethnic
u00522,sneakerhead
u00523,ethnic
u00524,formal
u00525,sneakerhead
u00526,western
u00527,western
u00528,sneakerhead
u00529,formal
u00530,sneakerhead
u00531,sneakerhead
u00532,sneakerhead
u00533,accessories
u00534,accessories
u00535,sneakerhead
u00536,ethnic
u00537,sneakerhead
u00538,sneakerhead
u00539,ethnic
u00540,ethnic
u00541,accessories
u00542,sneakerhead
u00543,ethnic
u00544,western
u00545,sneakerhead
u00546,accessories
u00547,ethnic
u00548,ethnic
u00549,accessories
u00550,formal
u00551,accessories
u00552,western
u00553,ethnic
u00554,accessories
u00555,ethnic
u00556,sneakerhead
u00557,formal
u00558,ethnic
u00559,formal
u00560,ethnic
u00561,sneakerhead
u00562,ethnic
u00563,sneakerhead
u00564,sneakerhead
u00565,ethnic
u00566,accessories
u00567,western
u00568,accessories
u00569,ethnic
u00570,formal
u00571,sneakerhead
u00572,accessories
u00573,western
u00574,formal
u00575,western
u00576,sneakerhead
u00577,western
u00578,ethnic
u00579,sneakerhead
u00580,ethnic
u00581,western
u00582,western
u00583,formal
u00584,accessories
u00585,formal
u00586,sneakerhead
u00587,formal
u00588,formal
u00589,sneakerhead
u00590,accessories
u00591,accessories
u00592,western
u00593,sneakerhead
u00594,sneakerhead
u00595,western
u00596,accessories
u00597,sneakerhead
u00598,ethnic
u00599,formal
u00600,formal
u00601,sneakerhead
u00602,sneakerhead
u00603,sneakerhead
u00604,sneakerhead
u00605,formal
u00606,ethnic
u00607,formal
u00608,western
u00609,ethnic
u00610,western
u00611,accessories
u00612,ethnic
u00613,western
u00614,western
u00615,formal
u00616,accessories
u00617,western
u00618,ethnic
u00619,sneakerhead
u00620,western
u00621,accessories
u00622,formal
u00623,accessories
u00624,formal
u00625,formal
u00626,sneakerhead
u00627,sneakerhead
u00628,accessories
u00629,sneakerhead
u00630,ethnic
u00631,sneakerhead
u00632,western
u00633,formal
u00634,ethnic
u00635,ethnic
u00636,ethnic
u00637,accessories
u00638,accessories
u00639,accessories
u00640,western
u00641,accessories
u00642,sneakerhead
u00643,formal
u00644,western
u00645,sneakerhead
u00646,accessories
u00647,accessories
u00648,formal
u00649,western
u00650,sneakerhead
u00651,sneakerhead
u00652,ethnic
u00653,accessories
u00654,western
u00655,sneakerhead
u00656,formal
u00657,accessories
u00658,western
u00659,accessories
u00660,sneakerhead
u00661,western
u00662,ethnic
u00663,western
u00664,sneakerhead
u00665,ethnic
u00666,western
u00667,formal
u00668,sneakerhead
u00669,sneakerhead
u00670,accessories
u00671,accessories
u00672,accessories
u00673,ethnic
u00674,formal
u00675,sneakerhead
u00676,sneakerhead
u00677,formal
u00678,western
u00679,sneakerhead
u00680,ethnic
u00681,sneakerhead
u00682,accessories
u00683,sneakerhead
u00684,western
u00685,sneakerhead
u00686,sneakerhead
u00687,ethnic
u00688,formal
u00689,western
u00690,ethnic
u00691,sneakerhead
u00692,accessories
u00693,formal
u00694,sneakerhead
u00695,ethnic
u00696,sneakerhead
u00697,ethnic
u00698,sneakerhead
u00699,sneakerhead
u00700,sneakerhead
u00701,western
u00702,western
u00703,ethnic
u00704,western
u00705,sneakerhead
u00706,formal
u00707,sneakerhead
u00708,sneakerhead
u00709,sneakerhead
u00710,western
u00711,ethnic
u00712,western
u00713,accessories
u00714,accessories
u00715,western
u00716,ethnic
u00717,sneakerhead
u00718,western
u00719,ethnic
u00720,sneakerhead
u00721,formal
u00722,sneakerhead
u00723,formal
u00724,accessories
u00725,ethnic
u00726,ethnic
u00727,formal
u00728,formal
u00729,formal
u00730,sneakerhead
u00731,accessories
u00732,formal
u00733,western
u00734,ethnic
u00735,formal
u00736,western
u00737,formal
u00738,formal
u00739,sneakerhead
u00740,ethnic
u00741,sneakerhead
u00742,sneakerhead
u00743,accessories
u00744,western
u00745,western
u00746,ethnic
u00747,formal
u00748,sneakerhead
u00749,formal
u00750,ethnic
u00751,sneakerhead
u00752,formal
u00753,sneakerhead
u00754,sneakerhead
u00755,ethnic
u00756,sneakerhead
u00757,sneakerhead
u00758,western
u00759,ethnic
u00760,western
u00761,ethnic
u00762,sneakerhead
u00763,western
u00764,ethnic
u00765,formal
u00766,sneakerhead
u00767,ethnic
u00768,western
u00769,ethnic
u00770,sneakerhead
u00771,accessories
u00772,western
u00773,accessories
u00774,sneakerhead
u00775,ethnic
u00776,accessories
u00777,sneakerhead
u00778,accessories
u00779,western
u00780,sneakerhead
u00781,formal
u00782,accessories
u00783,sneakerhead
u00784,sneakerhead
u00785,sneakerhead
u00786,ethnic
u00787,accessories
u00788,accessories
u00789,western
u00790,formal
u00791,ethnic
u00792,ethnic
u00793,formal
u00794,western
u00795,ethnic
u00796,western
u00797,formal
u00798,ethnic
u00799,ethnic
u00800,formal
u00801,accessories
u00802,ethnic
u00803,formal
u00804,sneakerhead
u00805,formal
u00806,ethnic
u00807,sneakerhead
u00808,sneakerhead
u00809,sneakerhead
u00810,sneakerhead
u00811,formal
u00812,sneakerhead
u00813,sneakerhead
u00814,formal
u00815,formal
u00816,ethnic
u00817,sneakerhead
u00818,ethnic
u00819,ethnic
u00820,accessories
u00821,ethnic
u00822,ethnic
u00823,sneakerhead
u00824,sneakerhead
u00825,sneakerhead
u00826,formal
u00827,ethnic
u00828,sneakerhead
u00829,western
u00830,accessories
u00831,sneakerhead
u00832,ethnic
u00833,sneakerhead
u00834,sneakerhead
u00835,western
u00836,ethnic
u00837,sneakerhead
u00838,sneakerhead
u00839,formal
u00840,ethnic
u00841,accessories
u00842,formal
u00843,ethnic
u00844,accessories
u00845,accessories
u00846,ethnic
u00847,sneakerhead
u00848,ethnic
u00849,sneakerhead
u00850,sneakerhead
u00851,sneakerhead
u00852,ethnic
u00853,ethnic
u00854,accessories
u00855,western
u00856,ethnic
u00857,formal
u00858,western
u00859,ethnic
u00860,sneakerhead
u00861,western
u00862,ethnic
u00863,accessories
u00864,formal
u00865,formal
u00866,western
u00867,sneakerhead
u00868,formal
u00869,accessories
u00870,accessories
u00871,formal
u00872,accessories
u00873,ethnic
u00874,sneakerhead
u00875,ethnic
u00876,sneakerhead
u00877,sneakerhead
u00878,sneakerhead
u00879,accessories
u00880,sneakerhead
u00881,sneakerhead
u00882,ethnic
u00883,ethnic
u00884,sneakerhead
u00885,accessories
u00886,western
u00887,sneakerhead
u00888,sneakerhead
u00889,sneakerhead
u00890,ethnic
u00891,ethnic
u00892,ethnic
u00893,accessories
u00894,sneakerhead
u00895,formal
u00896,ethnic
u00897,sneakerhead
u00898,formal
u00899,western
u00900,formal
u00901,western
u00902,western
u00903,formal
u00904,western
u00905,western
u00906,ethnic
u00907,western
u00908,formal
u00909,ethnic
u00910,sneakerhead
u00911,ethnic
u00912,western
u00913,sneakerhead
u00914,western
u00915,western
u00916,western
u00917,ethnic
u00918,accessories
u00919,formal
u00920,western
u00921,ethnic
u00922,sneakerhead
u00923,sneakerhead
u00924,ethnic
u00925,ethnic
u00926,sneakerhead
u00927,ethnic
u00928,western
u00929,formal
u00930,sneakerhead
u00931,accessories
u00932,accessories
u00933,sneakerhead
u00934,ethnic
u00935,accessories
u00936,ethnic
u00937,western
u00938,sneakerhead
u00939,formal
u00940,formal
u00941,ethnic
u00942,sneakerhead
u00943,western
u00944,western
u00945,western
u00946,ethnic
u00947,western
u00948,sneakerhead
u00949,western
u00950,formal
u00951,sneakerhead
u00952,formal
u00953,ethnic
u00954,accessories
u00955,formal
u00956,accessories
u00957,sneakerhead
u00958,sneakerhead
u00959,sneakerhead
u00960,ethnic
u00961,accessories
u00962,formal
u00963,sneakerhead
u00964,ethnic
u00965,formal
u00966,western
u00967,western
u00968,western
u00969,western
u00970,ethnic
u00971,formal
u00972,accessories
u00973,western
u00974,accessories
u00975,sneakerhead
u00976,ethnic
u00977,formal
u00978,western
u00979,western
u00980,western
u00981,accessories
u00982,western
u00983,accessories
u00984,accessories
u00985,sneakerhead
u00986,ethnic
u00987,sneakerhead
u00988,formal
u00989,western
u00990,western
u00991,ethnic
u00992,western
u00993,sneakerhead
u00994,formal
u00995,sneakerhead
u00996,western
u00997,ethnic
u00998,ethnic
u00999,western
u01000,sneakerhead
u01001,sneakerhead
u01002,accessories
u01003,accessories
u01004,western
u01005,formal
u01006,sneakerhead
u01007,accessories
u01008,accessories
u01009,ethnic
u01010,accessories
u01011,western
u01012,sneakerhead
u01013,sneakerhead
u01014,western
u01015,ethnic
u01016,ethnic
u01017,western
u01018,formal
u01019,sneakerhead
u01020,sneakerhead
u01021,western
u01022,ethnic
u01023,ethnic
u01024,formal
u01025,western
u01026,accessories
u01027,western
u01028,ethnic
u01029,formal
u01030,ethnic
u01031,sneakerhead
u01032,western
u01033,western
u01034,western
u01035,ethnic
u01036,formal
u01037,western
u01038,accessories
u01039,accessories
u01040,ethnic
u01041,western
u01042,ethnic
u01043,western
u01044,sneakerhead
u01045,sneakerhead
u01046,accessories
u01047,sneakerhead
u01048,western
u01049,sneakerhead
u01050,ethnic
u01051,ethnic
u01052,western
u01053,sneakerhead
u01054,ethnic
u01055,western
u01056,formal
u01057,western
u01058,sneakerhead
u01059,formal
u01060,ethnic
u01061,formal
u01062,ethnic
u01063,formal
u01064,formal
u01065,western
u01066,ethnic
u01067,ethnic
u01068,sneakerhead
u01069,western
u01070,ethnic
u01071,western
u01072,formal
u01073,ethnic
u01074,western
u01075,formal
u01076,accessories
u01077,ethnic
u01078,ethnic
u01079,western
u01080,sneakerhead
u01081,ethnic
u01082,sneakerhead
u01083,ethnic
u01084,ethnic
u01085,sneakerhead
u01086,accessories
u01087,western
u01088,sneakerhead
u01089,western
u01090,ethnic
u01091,western
u01092,sneakerhead
u01093,accessories
u01094,accessories
u01095,formal
u01096,ethnic
u01097,ethnic
u01098,western
u01099,sneakerhead
u01100,sneakerhead
u01101,ethnic
u01102,accessories
u01103,ethnic
u01104,sneakerhead
u01105,accessories
u01106,western
u01107,western
u01108,sneakerhead
u01109,sneakerhead
u01110,formal
u01111,sneakerhead
u01112,sneakerhead
u01113,accessories
u01114,sneakerhead
u01115,accessories
u01116,accessories
u01117,sneakerhead
u01118,western
u01119,accessories
u01120,western
u01121,sneakerhead
u01122,formal
u01123,sneakerhead
u01124,ethnic
u01125,sneakerhead
u01126,ethnic
u01127,ethnic
u01128,sneakerhead
u01129,sneakerhead
u01130,sneakerhead
u01131,accessories
u01132,ethnic
u01133,western
u01134,ethnic
u01135,formal
u01136,formal
u01137,accessories
u01138,ethnic
u01139,accessories
u01140,formal
u01141,ethnic
u01142,ethnic
u01143,western
u01144,ethnic
u01145,western
u01146,accessories
u01147,western
u01148,ethnic
u01149,formal
u01150,ethnic
u01151,formal
u01152,ethnic
u01153,formal
u01154,accessories
u01155,accessories
u01156,sneakerhead
u01157,western
u01158,formal
u01159,western
u01160,western
u01161,western
u01162,sneakerhead
u01163,western
u01164,accessories
u01165,sneakerhead
u01166,ethnic
u01167,formal
u01168,sneakerhead
u01169,ethnic
u01170,ethnic
u01171,ethnic
u01172,formal
u01173,sneakerhead
u01174,sneakerhead
u01175,ethnic
u01176,sneakerhead
u01177,ethnic
u01178,ethnic
u01179,ethnic
u01180,ethnic
u01181,western
u01182,western
u01183,accessories
u01184,western
u01185,western
u01186,western
u01187,western
u01188,ethnic
u01189,western
u01190,western
u01191,western
u01192,accessories
u01193,ethnic
u01194,western
u01195,accessories
u01196,formal
u01197,sneakerhead
u01198,sneakerhead
u01199,sneakerhead
u01200,western
u01201,sneakerhead
u01202,formal
u01203,formal
u01204,accessories
u01205,sneakerhead
u01206,accessories
u01207,accessories
u01208,sneakerhead
u01209,sneakerhead
u01210,ethnic
u01211,ethnic
u01212,formal
u01213,sneakerhead
u01214,western
u01215,formal
u01216,western
u01217,ethnic
u01218,ethnic
u01219,sneakerhead
u01220,accessories
u01221,western
u01222,sneakerhead
u01223,western
u01224,ethnic
u01225,western
u01226,ethnic
u01227,sneakerhead
u01228,sneakerhead
u01229,western
u01230,western
u01231,formal
u01232,ethnic
u01233,accessories
u01234,ethnic
u01235,sneakerhead
u01236,accessories
u01237,accessories
u01238,western
u01239,ethnic
u01240,accessories
u01241,accessories
u01242,western
u01243,ethnic
u01244,ethnic
u01245,ethnic
u01246,ethnic
u01247,sneakerhead
u01248,formal
u01249,accessories
u01250,ethnic
u01251,accessories
u01252,ethnic
u01253,ethnic
u01254,western
u01255,sneakerhead
u01256,ethnic
u01257,accessories
u01258,formal
u01259,accessories
u01260,sneakerhead
u01261,western
u01262,western
u01263,ethnic
u01264,sneakerhead
u01265,formal
u01266,ethnic
u01267,ethnic
u01268,ethnic
u01269,sneakerhead
u01270,western
u01271,formal
u01272,ethnic
u01273,ethnic
u01274,sneakerhead
u01275,western
u01276,western
u01277,ethnic
u01278,accessories
u01279,sneakerhead
u01280,accessories
u01281,ethnic
u01282,accessories
u01283,sneakerhead
u01284,sneakerhead
u01285,sneakerhead
u01286,formal
u01287,ethnic
u01288,accessories
u01289,ethnic
u01290,western
u01291,ethnic
u01292,sneakerhead
u01293,ethnic
u01294,sneakerhead
u01295,sneakerhead
u01296,sneakerhead
u01297,ethnic
u01298,accessories
u01299,sneakerhead
u01300,accessories
u01301,accessories
u01302,formal
u01303,ethnic
u01304,formal
u01305,western
u01306,accessories
u01307,sneakerhead
u01308,accessories
u01309,western
u01310,sneakerhead
u01311,western
u01312,accessories
u01313,ethnic
u01314,ethnic
u01315,western
u01316,sneakerhead
u01317,sneakerhead
u01318,western
u01319,accessories
u01320,ethnic
u01321,accessories
u01322,accessories
u01323,accessories
u01324,ethnic
u01325,sneakerhead
u01326,formal
u01327,formal
u01328,accessories
u01329,western
u01330,ethnic
u01331,sneakerhead
u01332,sneakerhead
u01333,sneakerhead
u01334,sneakerhead
u01335,ethnic
u01336,formal
u01337,accessories
u01338,ethnic
u01339,ethnic
u01340,western
u01341,formal
u01342,accessories
u01343,western
u01344,ethnic
u01345,ethnic
u01346,formal
u01347,sneakerhead
u01348,accessories
u01349,accessories
u01350,sneakerhead
u01351,sneakerhead
u01352,western
u01353,western
u01354,sneakerhead
u01355,ethnic
u01356,ethnic
u01357,formal
u01358,accessories
u01359,ethnic
u01360,sneakerhead
u01361,accessories
u01362,ethnic
u01363,western
u01364,ethnic
u01365,ethnic
u01366,formal
u01367,accessories
u01368,formal
u01369,sneakerhead
u01370,sneakerhead
u01371,sneakerhead
u01372,accessories
u01373,accessories
u01374,ethnic
u01375,western
u01376,formal
u01377,formal
u01378,ethnic
u01379,accessories
u01380,formal
u01381,accessories
u01382,ethnic
u01383,accessories
u01384,ethnic
u01385,sneakerhead
u01386,western
u01387,western
u01388,western
u01389,sneakerhead
u01390,sneakerhead
u01391,sneakerhead
u01392,formal
u01393,western
u01394,western
u01395,formal
u01396,accessories
u01397,ethnic
u01398,sneakerhead
u01399,western
u01400,formal
u01401,sneakerhead
u01402,formal
u01403,accessories
u01404,formal
u01405,ethnic
u01406,formal
u01407,sneakerhead
u01408,ethnic
u01409,accessories
u01410,accessories
u01411,ethnic
u01412,western
u01413,formal
u01414,ethnic
u01415,accessories
u01416,ethnic
u01417,sneakerhead
u01418,ethnic
u01419,sneakerhead
u01420,accessories
u01421,formal
u01422,western
u01423,sneakerhead
u01424,sneakerhead
u01425,accessories
u01426,ethnic
u01427,western
u01428,western
u01429,sneakerhead
u01430,ethnic
u01431,accessories
u01432,ethnic
u01433,ethnic
u01434,western
u01435,ethnic
u01436,ethnic
u01437,sneakerhead
u01438,western
u01439,formal
u01440,accessories
u01441,western
u01442,ethnic
u01443,western
u01444,ethnic
u01445,formal
u01446,sneakerhead
u01447,western
u01448,western
u01449,accessories
u01450,formal
u01451,ethnic
u01452,western
u01453,sneakerhead
u01454,western
u01455,accessories
u01456,western
u01457,ethnic
u01458,western
u01459,ethnic
u01460,western
u01461,western
u01462,accessories
u01463,western
u01464,formal
u01465,accessories
u01466,formal
u01467,western
u01468,ethnic
u01469,accessories
u01470,ethnic
u01471,formal
u01472,formal
u01473,sneakerhead
u01474,formal
u01475,western
u01476,ethnic
u01477,sneakerhead
u01478,formal
u01479,accessories
u01480,accessories
u01481,western
u01482,accessories
u01483,formal
u01484,sneakerhead
u01485,sneakerhead
u01486,sneakerhead
u01487,western
u01488,sneakerhead
u01489,ethnic
u01490,western
u01491,sneakerhead
u01492,formal
u01493,sneakerhead
u01494,sneakerhead
u01495,western
u01496,western
u01497,sneakerhead
u01498,accessories
u01499,sneakerhead
u01500,accessories
u01501,sneakerhead
u01502,sneakerhead
u01503,accessories
u01504,accessories
u01505,formal
u01506,western
u01507,sneakerhead
u01508,sneakerhead
u01509,sneakerhead
u01510,sneakerhead
u01511,sneakerhead
u01512,sneakerhead
u01513,sneakerhead
u01514,sneakerhead
u01515,western
u01516,ethnic
u01517,ethnic
u01518,sneakerhead
u01519,sneakerhead
u01520,formal
u01521,western
u01522,accessories
u01523,accessories
u01524,western
u01525,formal
u01526,sneakerhead
u01527,western
u01528,formal
u01529,sneakerhead
u01530,ethnic
u01531,sneakerhead
u01532,sneakerhead
u01533,formal
u01534,accessories
u01535,ethnic
u01536,ethnic
u01537,sneakerhead
u01538,accessories
u01539,western
u01540,formal
u01541,formal
u01542,ethnic
u01543,formal
u01544,formal
u01545,western
u01546,sneakerhead
u01547,ethnic
u01548,ethnic
u01549,accessories
u01550,ethnic
u01551,western
u01552,sneakerhead
u01553,sneakerhead
u01554,formal
u01555,accessories
u01556,ethnic
u01557,formal
u01558,accessories
u01559,sneakerhead
u01560,formal
u01561,ethnic
u01562,ethnic
u01563,formal
u01564,ethnic
u01565,formal
u01566,ethnic
u01567,accessories
u01568,sneakerhead
u01569,ethnic
u01570,accessories
u01571,ethnic
u01572,ethnic
u01573,sneakerhead
u01574,accessories
u01575,ethnic
u01576,ethnic
u01577,accessories
u01578,formal
u01579,formal
u01580,accessories
u01581,accessories
u01582,accessories
u01583,sneakerhead
u01584,ethnic
u01585,ethnic
u01586,ethnic
u01587,formal
u01588,accessories
u01589,ethnic
u01590,western
u01591,sneakerhead
u01592,western
u01593,ethnic
u01594,western
u01595,sneakerhead
u01596,ethnic
u01597,sneakerhead
u01598,western
u01599,ethnic
u01600,formal
u01601,western
u01602,ethnic
u01603,ethnic
u01604,ethnic
u01605,sneakerhead
u01606,sneakerhead
u01607,ethnic
u01608,western
u01609,accessories
u01610,western
u01611,ethnic
u01612,accessories
u01613,western
u01614,ethnic
u01615,western
u01616,ethnic
u01617,ethnic
u01618,western
u01619,sneakerhead
u01620,ethnic
u01621,sneakerhead
u01622,ethnic
u01623,ethnic
u01624,western
u01625,sneakerhead
u01626,sneakerhead
u01627,sneakerhead
u01628,ethnic
u01629,formal
u01630,accessories
u01631,ethnic
u01632,accessories
u01633,western
u01634,western
u01635,accessories
u01636,ethnic
u01637,ethnic
u01638,sneakerhead
u01639,accessories
u01640,formal
u01641,accessories
u01642,western
u01643,accessories
u01644,accessories
u01645,formal
u01646,ethnic
u01647,western
u01648,accessories
u01649,sneakerhead
u01650,ethnic
u01651,ethnic
u01652,sneakerhead
u01653,formal
u01654,ethnic
u01655,ethnic
u01656,sneakerhead
u01657,sneakerhead
u01658,western
u01659,formal
u01660,western
u01661,sneakerhead
u01662,sneakerhead
u01663,formal
u01664,ethnic
u01665,sneakerhead
u01666,ethnic
u01667,sneakerhead
u01668,western
u01669,ethnic
u01670,western
u01671,sneakerhead
u01672,sneakerhead
u01673,formal
u01674,accessories
u01675,accessories
u01676,formal
u01677,ethnic
u01678,accessories
u01679,sneakerhead
u01680,western
u01681,western
u01682,ethnic
u01683,formal
u01684,sneakerhead
u01685,ethnic
u01686,western
u01687,sneakerhead
u01688,western
u01689,sneakerhead
u01690,accessories
u01691,ethnic
u01692,sneakerhead
u01693,western
u01694,accessories
u01695,sneakerhead
u01696,western
u01697,sneakerhead
u01698,formal
u01699,ethnic
u01700,ethnic
u01701,sneakerhead
u01702,sneakerhead
u01703,formal
u01704,ethnic
u01705,accessories
u01706,accessories
u01707,western
u01708,accessories
u01709,western
u01710,accessories
u01711,accessories
u01712,ethnic
u01713,sneakerhead
u01714,ethnic
u01715,western
u01716,accessories
u01717,western
u01718,sneakerhead
u01719,ethnic
u01720,ethnic
u01721,sneakerhead
u01722,accessories
u01723,sneakerhead
u01724,accessories
u01725,western
u01726,accessories
u01727,formal
u01728,sneakerhead
u01729,sneakerhead
u01730,formal
u01731,accessories
u01732,western
u01733,formal
u01734,sneakerhead
u01735,sneakerhead
u01736,ethnic
u01737,sneakerhead
u01738,sneakerhead
u01739,ethnic
u01740,formal
u01741,accessories
u01742,western
u01743,ethnic
u01744,ethnic
u01745,formal
u01746,sneakerhead
u01747,ethnic
u01748,accessories
u01749,accessories
u01750,ethnic
u01751,formal
u01752,sneakerhead
u01753,sneakerhead
u01754,ethnic
u01755,formal
u01756,western
u01757,western
u01758,sneakerhead
u01759,ethnic
u01760,accessories
u01761,formal
u01762,western
u01763,accessories
u01764,western
u01765,ethnic
u01766,formal
u01767,western
u01768,sneakerhead
u01769,western
u01770,formal
u01771,western
u01772,ethnic
u01773,western
u01774,sneakerhead
u01775,accessories
u01776,ethnic
u01777,western
u01778,ethnic
u01779,ethnic
u01780,sneakerhead
u01781,formal
u01782,sneakerhead
u01783,western
u01784,formal
u01785,accessories
u01786,accessories
u01787,sneakerhead
u01788,ethnic
u01789,western
u01790,sneakerhead
u01791,formal
u01792,formal
u01793,sneakerhead
u01794,ethnic
u01795,sneakerhead
u01796,formal
u01797,western
u01798,ethnic
u01799,western
u01800,sneakerhead
u01801,accessories
u01802,sneakerhead
u01803,accessories
u01804,formal
u01805,ethnic
u01806,ethnic
u01807,formal
u01808,formal
u01809,ethnic
u01810,accessories
u01811,ethnic
u01812,sneakerhead
u01813,accessories
u01814,accessories
u01815,ethnic
u01816,formal
u01817,ethnic
u01818,western
u01819,sneakerhead
u01820,formal
u01821,ethnic
u01822,ethnic
u01823,western
u01824,sneakerhead
u01825,ethnic
u01826,sneakerhead
u01827,formal
u01828,ethnic
u01829,accessories
u01830,accessories
u01831,accessories
u01832,ethnic
u01833,accessories
u01834,western
u01835,ethnic
u01836,sneakerhead
u01837,formal
u01838,accessories
u01839,formal
u01840,ethnic
u01841,ethnic
u01842,ethnic
u01843,sneakerhead
u01844,accessories
u01845,sneakerhead
u01846,western
u01847,formal
u01848,sneakerhead
u01849,sneakerhead
u01850,accessories
u01851,accessories
u01852,ethnic
u01853,sneakerhead
u01854,western
u01855,ethnic
u01856,sneakerhead
u01857,accessories
u01858,sneakerhead
u01859,sneakerhead
u01860,accessories
u01861,accessories
u01862,ethnic
u01863,western
u01864,ethnic
u01865,western
u01866,western
u01867,sneakerhead
u01868,formal
u01869,formal
u01870,ethnic
u01871,ethnic
u01872,western
u01873,sneakerhead
u01874,western
u01875,ethnic
u01876,western
u01877,accessories
u01878,ethnic
u01879,accessories
u01880,ethnic
u01881,accessories
u01882,western
u01883,accessories
u01884,accessories
u01885,western
u01886,sneakerhead
u01887,accessories
u01888,formal
u01889,accessories
u01890,ethnic
u01891,accessories
u01892,sneakerhead
u01893,accessories
u01894,formal
u01895,western
u01896,sneakerhead
u01897,ethnic
u01898,ethnic
u01899,accessories
u01900,accessories
u01901,accessories
u01902,ethnic
u01903,formal
u01904,western
u01905,western
u01906,ethnic
u01907,accessories
u01908,ethnic
u01909,ethnic
u01910,sneakerhead
u01911,formal
u01912,sneakerhead
u01913,ethnic
u01914,sneakerhead
u01915,sneakerhead
u01916,western
u01917,sneakerhead
u01918,ethnic
u01919,formal
u01920,western
u01921,western
u01922,accessories
u01923,western
u01924,formal
u01925,sneakerhead
u01926,accessories
u01927,ethnic
u01928,western
u01929,sneakerhead
u01930,ethnic
u01931,formal
u01932,sneakerhead
u01933,accessories
u01934,sneakerhead
u01935,ethnic
u01936,sneakerhead
u01937,sneakerhead
u01938,sneakerhead
u01939,sneakerhead
u01940,western
u01941,accessories
u01942,ethnic
u01943,sneakerhead
u01944,ethnic
u01945,western
u01946,sneakerhead
u01947,sneakerhead
u01948,western
u01949,accessories
u01950,western
u01951,sneakerhead
u01952,western
u01953,ethnic
u01954,formal
u01955,accessories
u01956,western
u01957,ethnic
u01958,sneakerhead
u01959,ethnic
u01960,sneakerhead
u01961,ethnic
u01962,ethnic
u01963,accessories
u01964,sneakerhead
u01965,sneakerhead
u01966,western
u01967,accessories
u01968,accessories
u01969,western
u01970,sneakerhead
u01971,ethnic
u01972,ethnic
u01973,ethnic
u01974,formal
u01975,accessories
u01976,accessories
u01977,western
u01978,western
u01979,sneakerhead
u01980,accessories
u01981,sneakerhead
u01982,sneakerhead
u01983,formal
u01984,ethnic
u01985,western
u01986,accessories
u01987,accessories
u01988,sneakerhead
u01989,ethnic
u01990,ethnic
u01991,formal
u01992,formal
u01993,ethnic
u01994,sneakerhead
u01995,sneakerhead
u01996,ethnic
u01997,sneakerhead
u01998,ethnic
u01999,accessories
u02000,ethnic
